id,Name,Team,swings_competitive,avg_bat_speed,swing_length,hard_swing_rate,squared_up_per_swing,blast_per_swing,whiff_per_swing,PA,AB,AVG,SLG,HR%,BB%,K%,wRC+,EV,Barrel%,HardHit%
519317,Giancarlo Stanton,NYY,424,80.73858412735852,8.399277311320754,0.981132075471698,0.2075471698113207,0.1886792452830188,0.3066037735849056,281,260,0.246153846,0.492307692,0.06923076923076923,0.071174377,0.320284697,124.87437401674195,94.33186848958331,0.19411765,0.54117647
665833,Oneil Cruz,PIT,400,78.10580955000005,7.6466407,0.7475,0.2275,0.155,0.3125,307,283,0.236749116,0.424028268,0.04240282685512368,0.074918566,0.325732899,97.69729474871724,95.02805494225544,0.17391304,0.52717391
656941,Kyle Schwarber,PHI,468,77.13645959401711,7.820547173447538,0.75,0.2371794871794871,0.1581196581196581,0.3012820512820512,367,300,0.25,0.446666666,0.056666666666666664,0.160762942,0.28065395,133.30639054359176,93.2535098236386,0.11386139,0.53960396
592450,Aaron Judge,NYY,521,76.86497857965449,8.191792610364683,0.7312859884836852,0.2571976967370441,0.1996161228406909,0.3051823416506717,374,305,0.321311475,0.718032786,0.10491803278688525,0.163101604,0.248663101,217.9908168301532,97.08031431686048,0.28837209,0.62790698
656305,Matt Chapman,SFG,523,76.77999126195022,7.409663231357552,0.6711281070745697,0.1912045889101338,0.1281070745697896,0.2390057361376673,358,319,0.238244514,0.40752351,0.034482758620689655,0.097765363,0.237430167,109.54776106766492,92.39197716346152,0.11914894,0.47659574
660670,Ronald Acuña Jr.,ATL,323,76.71161953560379,7.611816408668729,0.7306501547987616,0.2229102167182662,0.1269349845201238,0.2476780185758514,222,192,0.25,0.364583333,0.020833333333333332,0.121621621,0.238738738,108.03545933680778,92.17876047327898,0.09352518,0.47482014
666176,Jo Adell,LAA,450,76.70994260000005,7.664342933333333,0.66,0.18,0.1088888888888888,0.2977777777777777,254,230,0.186956521,0.395652173,0.05652173913043478,0.062992125,0.29527559,76.70976694587046,89.45182291666667,0.12578616,0.43396226
666624,Christopher Morel,CHC,507,76.3692700394477,8.014138441814595,0.6844181459566074,0.2189349112426035,0.136094674556213,0.2958579881656805,349,297,0.195286195,0.37037037,0.050505050505050504,0.11747851,0.223495702,93.68570085542392,89.96044702914799,0.11659193,0.44843049
670541,Yordan Alvarez,HOU,486,75.87379504115226,7.56677744855967,0.5596707818930041,0.2777777777777778,0.1790123456790123,0.1851851851851851,356,313,0.2971246,0.536741214,0.05750798722044728,0.098314606,0.148876404,153.56638255935374,92.898333134542,0.13688213,0.47148289
683002,Gunnar Henderson,BAL,551,75.84925152450093,7.241944646098003,0.6188747731397459,0.2722323049001814,0.1742286751361161,0.2395644283121597,384,330,0.287878787,0.6,0.07878787878787878,0.119791666,0.236979166,175.83067424825848,94.03501037344398,0.13278008,0.57676349
677594,Julio Rodríguez,SEA,633,75.67146699842017,7.898640173775671,0.5734597156398104,0.2022116903633491,0.1342812006319115,0.3001579778830964,364,340,0.244117647,0.323529411,0.020588235294117647,0.06043956,0.269230769,81.90374581408349,91.04924780475208,0.08264463,0.47107438
624585,Jorge Soler,SFG,437,75.60968798627007,7.994880892448512,0.5995423340961098,0.217391304347826,0.0938215102974828,0.2814645308924485,302,266,0.229323308,0.406015037,0.03759398496240601,0.09602649,0.238410596,106.71298164720406,90.05381503807106,0.0959596,0.37878788
660271,Shohei Ohtani,LAD,547,75.54402223034738,7.640938171846435,0.5667276051188299,0.2797074954296161,0.1919561243144424,0.2797074954296161,380,328,0.320121951,0.646341463,0.08231707317073171,0.118421052,0.205263157,191.10765074988095,95.46206907242065,0.19215686,0.6
671218,Heliot Ramos,SFG,355,75.48687760563382,6.927146355932203,0.6056338028169014,0.2197183098591549,0.1549295774647887,0.2591549295774648,217,191,0.298429319,0.523560209,0.05759162303664921,0.105990783,0.267281105,154.3573599298907,92.53633840460526,0.17037037,0.53333333
665742,Juan Soto,NYY,469,75.39848364605544,7.268793326226013,0.5906183368869936,0.3155650319829424,0.1961620469083155,0.2025586353944563,375,297,0.299663299,0.562289562,0.06734006734006734,0.192,0.16,183.1003289549863,94.42414683577404,0.18257261,0.57676349
665489,Vladimir Guerrero Jr.,TOR,525,75.39846809523809,7.669521828571427,0.5276190476190477,0.2723809523809524,0.1828571428571428,0.2114285714285714,368,326,0.297546012,0.472392638,0.03987730061349693,0.108695652,0.160326086,144.25640762172466,94.43385170990568,0.13483146,0.57303371
663624,Ryan Mountcastle,BAL,568,75.27768137323937,7.502745387323943,0.5387323943661971,0.2112676056338028,0.1267605633802817,0.2147887323943662,325,300,0.273333333,0.46,0.03666666666666667,0.061538461,0.209230769,119.75960515336624,91.51879155585108,0.09745763,0.48728814
641933,Tyler O'Neill,BOS,357,75.16382764705885,7.546893193277312,0.495798319327731,0.1988795518207282,0.1372549019607843,0.3137254901960784,247,214,0.257009345,0.528037383,0.07476635514018691,0.121457489,0.323886639,137.14594520035814,91.46396846064816,0.16296296,0.48888889
572233,Christian Walker,ARI,585,75.15004726495724,7.518821743589743,0.5572649572649572,0.2017094017094017,0.1264957264957265,0.229059829059829,363,321,0.258566978,0.479750778,0.056074766355140186,0.09090909,0.245179063,126.40326743153793,91.18262954905065,0.15611814,0.48101266
663586,Austin Riley,ATL,459,75.08519755991283,7.511730501089325,0.531590413943355,0.233115468409586,0.1590413943355119,0.2592592592592592,297,268,0.25,0.429104477,0.03731343283582089,0.087542087,0.232323232,112.4961745216764,92.12403815954774,0.13567839,0.50753769
595879,Javier Báez,DET,267,75.0805298127341,8.604845992509363,0.5505617977528089,0.2546816479400749,0.1423220973782771,0.2621722846441947,196,186,0.182795698,0.247311827,0.005376344086021506,0.030612244,0.214285714,26.13879626297268,88.60492026969177,0.06122449,0.40136054
660821,Jesús Sánchez,MIA,403,75.04522717121587,7.1860323821339955,0.531017369727047,0.2531017369727047,0.1339950372208436,0.2803970223325062,258,238,0.231092436,0.373949579,0.03361344537815126,0.058139534,0.236434108,86.04073956085799,93.80416887358756,0.12290503,0.51396648
660707,Elehuris Montero,COL,392,75.03722823979595,7.566919591836735,0.5306122448979591,0.2015306122448979,0.1071428571428571,0.2959183673469387,247,224,0.205357142,0.303571428,0.017857142857142856,0.080971659,0.226720647,47.82704387669581,89.51427151864036,0.07602339,0.41520468
624413,Pete Alonso,NYM,520,75.03338269230768,7.320042230769232,0.5134615384615384,0.2230769230769231,0.123076923076923,0.2173076923076923,364,320,0.246875,0.478125,0.05625,0.098901098,0.203296703,131.39148229382235,88.89295767965586,0.12903226,0.40725806
669394,Jake Burger,MIA,404,74.98339400990098,7.407989900990099,0.5247524752475247,0.2227722772277227,0.1336633663366336,0.2574257425742574,259,244,0.221311475,0.360655737,0.03278688524590164,0.05019305,0.25096525,72.72969333108914,90.31387803819445,0.10497238,0.43093923
621043,Carlos Correa,MIN,395,74.79197037974679,7.2576140506329105,0.4860759493670886,0.2683544303797468,0.1822784810126582,0.1746835443037974,279,245,0.310204081,0.510204081,0.04081632653061224,0.096774193,0.17562724,149.89941037213822,91.402119140625,0.09950249,0.47761194
592669,Hunter Renfroe,KCR,300,74.75343683333335,7.588850466666665,0.4866666666666666,0.2266666666666666,0.13,0.21,222,200,0.21,0.385,0.04,0.094594594,0.184684684,87.8088490484073,88.00344269185126,0.0754717,0.34591195
661388,William Contreras,MIL,566,74.7387415724382,7.325026236749117,0.5106007067137809,0.3003533568904594,0.1802120141342756,0.2561837455830388,374,339,0.292035398,0.445427728,0.029498525073746312,0.0828877,0.187165775,126.23431964882629,92.3986753344096,0.08856089,0.49815498
677951,Bobby Witt Jr.,KCR,566,74.71153162544165,7.059400901060071,0.4964664310954063,0.2826855123674912,0.1643109540636042,0.2226148409893993,381,347,0.311239193,0.538904899,0.037463976945244955,0.070866141,0.167979002,145.36222183818265,92.5406481380662,0.14634146,0.48780488
682985,Riley Greene,DET,515,74.62304982524276,7.197246893203884,0.4679611650485436,0.2427184466019417,0.1320388349514563,0.2407766990291262,356,308,0.253246753,0.477272727,0.048701298701298704,0.123595505,0.258426966,132.08535375867413,91.0995373703917,0.12844037,0.47247706
592518,Manny Machado,SDP,486,74.6134046090535,7.70587160493827,0.4547325102880658,0.2530864197530864,0.1502057613168724,0.2304526748971193,333,309,0.265372168,0.404530744,0.032362459546925564,0.069069069,0.216216216,105.8113677928539,92.072265625,0.07983193,0.4789916
677800,Wilyer Abreu,BOS,345,74.58139956521742,7.440816,0.4666666666666666,0.2376811594202898,0.1072463768115942,0.2608695652173913,218,196,0.270408163,0.469387755,0.030612244897959183,0.096330275,0.266055045,122.0985053735826,90.46059283088236,0.10791367,0.4676259
682829,Elly De La Cruz,CIN,490,74.54362742857138,7.209184346938774,0.5,0.2224489795918367,0.1285714285714285,0.2836734693877551,364,319,0.253918495,0.48275862,0.047021943573667714,0.107142857,0.31043956,127.30362724802151,91.5806457820197,0.12980769,0.45673077
670042,Luke Raley,SEA,380,74.52719981578956,7.234703957783641,0.4657894736842105,0.1736842105263158,0.1052631578947368,0.3026315789473684,225,210,0.257142857,0.442857142,0.04285714285714286,0.035555555,0.315555555,114.93751453690896,89.3300052472015,0.07857143,0.41428571
687401,Joey Ortiz,MIL,354,74.51265607344631,7.548160649717514,0.443502824858757,0.2259887005649717,0.1299435028248587,0.1581920903954802,256,216,0.268518518,0.444444444,0.032407407407407406,0.13671875,0.16796875,133.67196458229165,87.82852909482759,0.0625,0.38636364
665487,Fernando Tatis Jr.,SDP,481,74.49463769230769,7.296100582120582,0.4636174636174636,0.2827442827442827,0.1663201663201663,0.237006237006237,345,308,0.279220779,0.467532467,0.045454545454545456,0.086956521,0.205797101,138.86371403272827,93.15042358913502,0.13865546,0.53361345
621439,Byron Buxton,MIN,392,74.40131130102041,8.13714987244898,0.4311224489795918,0.2193877551020408,0.1045918367346938,0.3010204081632653,237,217,0.262672811,0.465437788,0.03686635944700461,0.046413502,0.270042194,120.73474860614874,91.04376890120967,0.10322581,0.46451613
663728,Cal Raleigh,SEA,542,74.38705064575643,7.721627712177123,0.4446494464944649,0.1992619926199262,0.1217712177121771,0.2730627306273063,309,270,0.2,0.385185185,0.05185185185185185,0.106796116,0.323624595,93.77878170927254,92.20047191112717,0.14942529,0.52873563
642133,Rowdy Tellez,PIT,295,74.38695752542374,8.01160386440678,0.4406779661016949,0.2305084745762712,0.1457627118644067,0.1864406779661017,215,198,0.232323232,0.333333333,0.020202020202020204,0.069767441,0.223255813,76.43793790927309,89.53031901041666,0.05960265,0.39735099
542303,Marcell Ozuna,ATL,555,74.23746771171173,7.40763027027027,0.4432432432432432,0.227027027027027,0.1405405405405405,0.3009009009009009,351,307,0.296416938,0.560260586,0.06840390879478828,0.113960113,0.233618233,161.4218478675379,92.90426230641592,0.18061674,0.54185022
681297,Colton Cowser,BAL,416,74.14718372596153,6.909077403846154,0.4447115384615384,0.2596153846153846,0.1370192307692307,0.2716346153846153,269,237,0.227848101,0.443037974,0.05063291139240506,0.08921933,0.286245353,114.05803318182689,91.54172694830248,0.15432099,0.5
650391,Eloy Jiménez,CHW,257,74.14213980544746,7.278454863813229,0.4357976653696498,0.2918287937743191,0.1906614785992217,0.2217898832684824,177,163,0.239263803,0.374233128,0.03067484662576687,0.073446327,0.175141242,88.72165584596526,92.09802616003788,0.10526316,0.47368421
671739,Michael Harris II,ATL,442,74.1115173755656,8.089567036199094,0.4343891402714932,0.2239819004524887,0.1244343891402715,0.2217194570135746,278,260,0.25,0.357692307,0.019230769230769232,0.053956834,0.212230215,82.99713840886056,89.25699626865672,0.05940594,0.43564356
694671,Wyatt Langford,TEX,349,74.109600487106,6.85956011461318,0.4641833810888252,0.2234957020057306,0.1289398280802292,0.2292263610315186,249,226,0.261061946,0.393805309,0.017699115044247787,0.080321285,0.196787148,100.73388561300769,88.48952816031074,0.07865169,0.42134831
621566,Matt Olson,ATL,614,73.99378638436474,7.438376368078176,0.4201954397394136,0.1905537459283387,0.1009771986970684,0.2687296416938111,348,309,0.2394822,0.42394822,0.038834951456310676,0.091954022,0.270114942,108.10216682832336,91.6481363171729,0.10138249,0.46543779
592663,J.T. Realmuto,PHI,342,73.91756564327483,7.6494615204678365,0.4035087719298245,0.2046783625730994,0.131578947368421,0.2543859649122807,223,207,0.260869565,0.410628019,0.033816425120772944,0.053811659,0.269058295,103.31979803342064,89.39012011054422,0.10810811,0.47972973
667670,Brent Rooker,OAK,477,73.87787851153043,7.180239119496855,0.3836477987421383,0.1991614255765199,0.1090146750524109,0.3186582809224318,296,264,0.261363636,0.515151515,0.06060606060606061,0.097972972,0.341216216,143.29131564896835,92.3509454083589,0.16463415,0.51829268
547180,Bryce Harper,PHI,517,73.86859688588011,7.343487678916829,0.3907156673114119,0.2243713733075435,0.1353965183752417,0.2514506769825919,336,287,0.303135888,0.581881533,0.06968641114982578,0.139880952,0.214285714,169.4339202378214,91.25981987847224,0.12442396,0.47465438
669127,Shea Langeliers,OAK,396,73.80579555555555,7.234307752525251,0.3813131313131313,0.2575757575757575,0.1464646464646464,0.2777777777777778,273,251,0.20318725,0.430278884,0.05976095617529881,0.058608058,0.274725274,92.88977218404604,91.23520971543296,0.16201117,0.46368715
642715,Willy Adames,MIL,605,73.7507835702479,8.129936760330578,0.368595041322314,0.2314049586776859,0.0991735537190082,0.2710743801652892,375,327,0.23853211,0.412844036,0.039755351681957186,0.117333333,0.205333333,111.19017280087506,88.27617805088933,0.1027668,0.38339921
679529,Spencer Torkelson,DET,339,73.74824002949856,7.416134365781712,0.3421828908554572,0.2271386430678466,0.1091445427728613,0.2507374631268436,230,209,0.200956937,0.33014354,0.019138755980861243,0.069565217,0.24347826,69.77344410297364,88.8426393995098,0.04516129,0.38709677
682998,Corbin Carroll,ARI,458,73.73332192139742,7.004720960698689,0.3930131004366812,0.2707423580786026,0.1419213973799126,0.2008733624454148,353,309,0.210355987,0.310679611,0.006472491909385114,0.104815864,0.172804532,77.7349037396982,87.66592111895162,0.03984064,0.35458167
641343,Jake Bauers,MIL,313,73.54606038338659,7.47931373801917,0.2875399361022364,0.2236421725239616,0.0926517571884984,0.255591054313099,200,175,0.217142857,0.4,0.04,0.105,0.315,103.69739867901704,89.76803561373873,0.10714286,0.42857143
671056,Iván Herrera,STL,275,73.52625032727275,7.6056595636363635,0.3709090909090909,0.24,0.1236363636363636,0.2509090909090909,192,172,0.279069767,0.377906976,0.01744186046511628,0.078125,0.213541666,108.532956806534,88.71457741477273,0.08955224,0.40298507
592626,Joc Pederson,ARI,361,73.4548750969529,7.62462700831025,0.3767313019390581,0.2049861495844875,0.1218836565096952,0.2216066481994459,242,203,0.285714285,0.507389162,0.054187192118226604,0.103305785,0.256198347,150.0811997765794,91.97414172535213,0.11486486,0.47297297
606466,Ketel Marte,ARI,509,73.39414563850691,7.620647721021611,0.3791748526522593,0.3182711198428291,0.1591355599214145,0.2161100196463654,365,321,0.286604361,0.517133956,0.0529595015576324,0.093150684,0.183561643,140.04533016344155,93.39973455598457,0.10344828,0.53256705
553869,Elias Díaz,COL,365,73.38935449315078,6.965485452054795,0.3835616438356164,0.210958904109589,0.1041095890410958,0.2328767123287671,230,212,0.306603773,0.438679245,0.02358490566037736,0.056521739,0.178260869,107.48685012793426,87.57672828851744,0.03468208,0.34682081
521692,Salvador Perez,KCR,578,73.37527110726641,7.9184815570934255,0.3442906574394463,0.2577854671280277,0.143598615916955,0.2474048442906574,338,306,0.277777777,0.467320261,0.0457516339869281,0.073964497,0.183431952,123.49056900787404,91.7386783584025,0.13114754,0.47131148
683146,Brett Baty,NYM,263,73.36348448669203,7.611293307984792,0.3726235741444866,0.1444866920152091,0.0646387832699619,0.2509505703422053,171,153,0.228758169,0.326797385,0.026143790849673203,0.093567251,0.245614035,86.9956406792964,86.61784446022727,0.05357143,0.33035714
676369,Nelson Velázquez,KCR,350,73.33309222857142,7.468902,0.3457142857142857,0.2142857142857142,0.0914285714285714,0.3285714285714285,230,205,0.2,0.365853658,0.03902439024390244,0.082608695,0.265217391,77.03624920861448,88.16479326105443,0.08843537,0.38095238
606192,Teoscar Hernández,LAD,578,73.30962873702421,7.760684602076124,0.3269896193771626,0.2058823529411764,0.1332179930795847,0.3235294117647059,355,323,0.253869969,0.47987616,0.05572755417956656,0.076056338,0.284507042,125.3675795476808,91.71187464966368,0.15625,0.49107143
669261,Jack Suwinski,PIT,321,73.29871760124604,7.2596530841121485,0.3333333333333333,0.190031152647975,0.087227414330218,0.2710280373831775,225,200,0.18,0.315,0.035,0.097777777,0.293333333,62.45023972033928,88.30915912828948,0.07352941,0.375
572191,Michael A. Taylor,PIT,266,73.29070082706765,7.1683451879699245,0.3345864661654135,0.1766917293233082,0.075187969924812,0.3796992481203007,176,157,0.191082802,0.248407643,0.006369426751592357,0.068181818,0.34090909,39.20145045501024,88.8631083170573,0.07692308,0.375
664913,Seth Brown,OAK,318,73.24723518867928,7.271452965299683,0.2547169811320754,0.1886792452830188,0.0723270440251572,0.3018867924528302,195,180,0.188888888,0.305555555,0.027777777777777776,0.076923076,0.338461538,63.648361851867605,87.57950774336283,0.07894737,0.34210526
666160,Mickey Moniak,LAA,422,73.19050075829387,7.645418246445497,0.3151658767772511,0.1682464454976303,0.0853080568720379,0.2630331753554502,218,204,0.196078431,0.308823529,0.0196078431372549,0.059633027,0.288990825,55.870060019226656,86.60402849595324,0.07801418,0.31205674
646240,Rafael Devers,BOS,487,73.14829926078026,7.474599199178643,0.3449691991786447,0.2505133470225872,0.1437371663244353,0.2484599589322381,313,272,0.286764705,0.56617647,0.0661764705882353,0.111821086,0.230031948,150.54179493595365,93.77998678482588,0.14215686,0.51960784
592885,Christian Yelich,MIL,371,73.14387867924526,7.53911140161725,0.3396226415094339,0.2803234501347709,0.1482479784366576,0.215633423180593,259,228,0.328947368,0.5,0.03508771929824561,0.108108108,0.193050193,154.5766153925625,91.0005903513418,0.06666667,0.47777778
694192,Jackson Chourio,MIL,391,73.11376966751925,7.36080030690537,0.3478260869565217,0.2455242966751918,0.1253196930946291,0.2429667519181585,261,242,0.247933884,0.392561983,0.0371900826446281,0.061302681,0.233716475,91.82307930611373,88.40921188186813,0.04891304,0.41847826
681624,Andy Pages,LAD,486,73.08236685185173,7.790881296296296,0.279835390946502,0.2037037037037037,0.102880658436214,0.2510288065843621,270,247,0.255060728,0.412955465,0.032388663967611336,0.055555555,0.262962962,105.6116570737902,88.35229766502809,0.11731844,0.42458101
669357,Nolan Gorman,STL,440,73.0629384090909,7.493823568181818,0.2909090909090909,0.175,0.0954545454545454,0.3318181818181818,303,271,0.191881918,0.409594095,0.06273062730627306,0.09570957,0.366336633,92.7524701695336,88.14652076863354,0.16049383,0.38271605
669004,MJ Melendez,KCR,481,73.04516644490641,7.662729189189188,0.3492723492723492,0.1995841995841996,0.1081081081081081,0.288981288981289,256,235,0.191489361,0.365957446,0.03404255319148936,0.078125,0.265625,70.73149341769212,91.09342644013554,0.09580838,0.43113772
680777,Ryan Jeffers,MIN,417,73.04133494004796,7.45374004796163,0.3477218225419664,0.2134292565947242,0.105515587529976,0.1990407673860911,268,232,0.228448275,0.461206896,0.05603448275862069,0.074626865,0.20522388,119.6433665063393,85.66012927313535,0.0989011,0.30769231
673548,Seiya Suzuki,CHC,349,73.00327481375358,7.291431432664755,0.3495702005730659,0.2808022922636103,0.157593123209169,0.2378223495702005,262,233,0.261802575,0.467811158,0.04721030042918455,0.080152671,0.282442748,126.0368454349682,93.04825544945987,0.11728395,0.51234568
664238,Dylan Moore,SEA,362,72.97019499999999,7.193542651933702,0.2762430939226519,0.2320441988950276,0.1104972375690607,0.218232044198895,251,211,0.208530805,0.417061611,0.037914691943127965,0.103585657,0.274900398,112.47025169853542,89.9666965432363,0.0952381,0.41496599
623993,Anthony Santander,BAL,569,72.91547669595786,7.303655869947277,0.3374340949033391,0.2073813708260105,0.1072056239015817,0.1933216168717047,338,304,0.233552631,0.503289473,0.07236842105263158,0.073964497,0.180473372,126.50524875475055,88.97549426020409,0.1097561,0.38211382
650490,Yandy Díaz,TBR,531,72.91397877589453,7.48133088512241,0.3145009416195856,0.3314500941619586,0.1864406779661017,0.1016949152542373,372,341,0.269794721,0.384164222,0.020527859237536656,0.072580645,0.14516129,107.41658029484628,92.49680150261324,0.05882353,0.48788927
677942,Blaze Alexander,ARI,276,72.91037865942023,7.318723768115943,0.2934782608695652,0.213768115942029,0.0869565217391304,0.2789855072463768,175,158,0.25949367,0.360759493,0.0189873417721519,0.074285714,0.257142857,98.94043112285732,88.61377825055804,0.03508772,0.35087719
662139,Daulton Varsho,TOR,448,72.9054973660714,7.662530111607144,0.2723214285714285,0.1651785714285714,0.0625,0.2522321428571428,292,262,0.194656488,0.396946564,0.04198473282442748,0.099315068,0.273972602,92.1322139522988,84.78648792613636,0.06593407,0.2967033
647304,Josh Naylor,CLE,493,72.8700980933063,7.689377459349593,0.3407707910750507,0.2738336713995943,0.1338742393509127,0.204868154158215,331,293,0.242320819,0.498293515,0.06825938566552901,0.090634441,0.181268882,127.0858621132684,90.9026358840812,0.11440678,0.45338983
624424,Michael Conforto,SFG,310,72.84393222580643,7.269854806451614,0.3,0.2903225806451613,0.1290322580645161,0.2354838709677419,236,216,0.236111111,0.430555555,0.041666666666666664,0.080508474,0.233050847,108.01465169644986,89.66328610248448,0.10493827,0.45061728
607043,Brandon Nimmo,NYM,495,72.84116901010103,7.292019616161616,0.3252525252525252,0.2363636363636363,0.1333333333333333,0.2383838383838384,346,291,0.250859106,0.453608247,0.044673539518900345,0.12716763,0.236994219,140.90620701604627,92.50214002691388,0.11961722,0.49760766
663993,Nathaniel Lowe,TEX,411,72.83964218978102,7.146607420924575,0.2603406326034063,0.24330900243309,0.1167883211678832,0.1532846715328467,256,223,0.269058295,0.399103139,0.026905829596412557,0.11328125,0.203125,113.63149238769618,89.04227443099711,0.04597701,0.37931034
657757,Gavin Sheets,CHW,443,72.82765241534989,7.578397674943567,0.3115124153498871,0.2573363431151241,0.1173814898419864,0.1963882618510158,285,247,0.234817813,0.396761133,0.02834008097165992,0.115789473,0.192982456,106.80211721500925,89.22926839192708,0.06701031,0.3556701
516782,Starling Marte,NYM,390,72.82308320512823,7.288552512820512,0.2846153846153846,0.258974358974359,0.1435897435897435,0.2769230769230769,266,245,0.27755102,0.41632653,0.02857142857142857,0.063909774,0.210526315,116.17145917302751,90.08382686491936,0.07329843,0.45549738
673237,Yainer Diaz,HOU,467,72.72514700214134,7.4966954817987155,0.2698072805139186,0.278372591006424,0.1327623126338329,0.2012847965738758,298,281,0.274021352,0.409252669,0.02491103202846975,0.036912751,0.137583892,98.48990861902524,90.16574457908165,0.06938776,0.46938776
672284,Jarred Kelenic,ATL,393,72.68180249363868,7.301255954198473,0.2468193384223918,0.2519083969465648,0.1170483460559796,0.3435114503816794,245,227,0.277533039,0.458149779,0.039647577092511016,0.061224489,0.289795918,117.83344276638904,89.4361834948576,0.10759494,0.46202532
663616,Trevor Larnach,MIN,294,72.65128653061225,7.3495160204081635,0.2517006802721088,0.3231292517006803,0.1598639455782313,0.2517006802721088,183,168,0.25595238,0.44047619,0.047619047619047616,0.071038251,0.180327868,110.8997817769684,92.20751596715328,0.10218978,0.4379562
457705,Andrew McCutchen,PIT,437,72.6425767505721,7.647238649885582,0.2631578947368421,0.2379862700228833,0.1281464530892448,0.2677345537757437,306,267,0.232209737,0.400749063,0.0449438202247191,0.111111111,0.258169934,108.54553921469328,88.77047664561171,0.13297872,0.39893617
677649,Ezequiel Duran,TEX,298,72.56315818791951,7.20488,0.2651006711409395,0.2214765100671141,0.1040268456375839,0.1912751677852349,187,176,0.255681818,0.323863636,0.011363636363636364,0.048128342,0.229946524,74.17876824735549,87.27367424242425,0.02985075,0.36567164
571745,Mitch Haniger,SEA,401,72.56015386533669,6.999330049875312,0.2294264339152119,0.2593516209476309,0.1296758104738154,0.3092269326683292,278,252,0.21031746,0.333333333,0.027777777777777776,0.086330935,0.276978417,80.38529319608703,90.1880859375,0.09090909,0.47727273
664761,Alec Bohm,PHI,484,72.52546745867774,7.434030020661157,0.25,0.3347107438016529,0.1632231404958677,0.1735537190082644,355,320,0.296875,0.484375,0.03125,0.067605633,0.135211267,132.51458828512645,90.29211248867752,0.08633094,0.44604317
642350,Jose Siri,TBR,381,72.52193131233591,7.8037120209973745,0.2677165354330708,0.1863517060367454,0.1049868766404199,0.3438320209973753,257,224,0.214285714,0.415178571,0.049107142857142856,0.085603112,0.354085603,105.33318906880764,88.7225341796875,0.15107914,0.41007194
571771,Enrique Hernández,LAD,266,72.48658913533832,7.44115462406015,0.3082706766917293,0.2481203007518796,0.075187969924812,0.2293233082706766,190,173,0.208092485,0.312138728,0.023121387283236993,0.084210526,0.205263157,70.5159464443609,90.9946325775376,0.04444444,0.42962963
668227,Randy Arozarena,TBR,478,72.4480722803348,7.361368765690376,0.3158995815899581,0.2426778242677824,0.1150627615062761,0.2845188284518828,334,286,0.195804195,0.353146853,0.038461538461538464,0.113772455,0.251497005,96.06308926234333,90.55703316482844,0.08333333,0.42156863
502110,J.D. Martinez,NYM,395,72.44583341772152,8.392142081218273,0.2354430379746835,0.2075949367088607,0.1113924050632911,0.2632911392405063,239,209,0.277511961,0.492822966,0.04784688995215311,0.10041841,0.263598326,146.5389264320433,90.88200547960068,0.18120805,0.45637584
656582,Connor Joe,PIT,378,72.42794153439154,7.368345,0.2619047619047619,0.2354497354497354,0.1031746031746031,0.2195767195767195,281,250,0.248,0.404,0.028,0.088967971,0.202846975,107.00262056060016,85.9500140947165,0.05670103,0.32474227
663656,Kyle Tucker,HOU,328,72.41982710365853,7.503994115853658,0.2408536585365853,0.3048780487804878,0.1432926829268292,0.1615853658536585,262,214,0.26635514,0.584112149,0.08878504672897196,0.175572519,0.156488549,174.0340089827607,90.99956223060344,0.13714286,0.44571429
641857,Ryan McMahon,COL,575,72.41312187826082,7.170479391304348,0.2695652173913043,0.2278260869565217,0.128695652173913,0.2608695652173913,359,316,0.268987341,0.455696202,0.04430379746835443,0.105849582,0.284122562,111.63133954223498,93.7183758031542,0.12844037,0.52752294
680776,Jarren Duran,BOS,562,72.39067859430614,7.488082099644128,0.2491103202846975,0.2544483985765124,0.1476868327402135,0.2010676156583629,387,349,0.286532951,0.495702005,0.02865329512893983,0.082687338,0.217054263,131.41242893487387,91.5989533635496,0.09328358,0.46641791
682928,CJ Abrams,WSN,574,72.36328907665504,7.450377700348432,0.2717770034843205,0.2717770034843205,0.1167247386759581,0.2160278745644599,342,308,0.285714285,0.509740259,0.04220779220779221,0.073099415,0.192982456,139.26759541346522,89.309670781893,0.06938776,0.42857143
622761,Jorge Mateo,BAL,301,72.35449229235878,7.754491760797342,0.2225913621262458,0.2392026578073089,0.1229235880398671,0.2192691029900332,180,164,0.231707317,0.426829268,0.03048780487804878,0.055555555,0.233333333,96.43376393034448,89.06864289314517,0.04724409,0.39370079
502054,Tommy Pham,CHW,308,72.32289967532468,6.921967727272727,0.1883116883116883,0.3116883116883117,0.1201298701298701,0.198051948051948,213,190,0.263157894,0.37368421,0.021052631578947368,0.103286384,0.192488262,106.9537069436674,91.07535475127553,0.05369128,0.38926174
666135,Alex Kirilloff,MIN,268,72.31576559701493,7.786355223880597,0.1940298507462686,0.2537313432835821,0.1194029850746268,0.291044776119403,178,159,0.201257861,0.383647798,0.031446540880503145,0.084269662,0.264044943,83.79664714323208,91.30828804347826,0.11304348,0.40869565
656811,Ryan O'Hearn,BAL,365,72.30386802739723,7.164033753424658,0.2246575342465753,0.3315068493150685,0.1616438356164383,0.1726027397260274,255,232,0.288793103,0.465517241,0.04310344827586207,0.086274509,0.098039215,131.65608172892925,90.314216095267,0.07211538,0.40865385
666969,Adolis García,TEX,536,72.23281561567168,7.986596604477612,0.2481343283582089,0.2406716417910447,0.125,0.2985074626865671,337,303,0.221122112,0.425742574,0.052805280528052806,0.074183976,0.264094955,95.7782037004044,91.15792538704127,0.14155251,0.47031963
502671,Paul Goldschmidt,STL,581,72.1902740963856,7.723016901893287,0.2323580034423407,0.2392426850258175,0.1256454388984509,0.2495697074010327,354,321,0.22741433,0.367601246,0.03426791277258567,0.081920903,0.285310734,91.32911738843391,91.47336972031964,0.09459459,0.48198198
665804,Miguel Amaya,CHC,306,72.1863168954248,7.0492011437908495,0.2581699346405228,0.2222222222222222,0.088235294117647,0.2287581699346405,187,169,0.189349112,0.260355029,0.011834319526627219,0.064171122,0.213903743,48.9494028396874,89.11767578125,0.03030303,0.37121212
657136,Connor Wong,BOS,378,72.16194970899473,7.373074164456233,0.1798941798941798,0.2407407407407407,0.1164021164021164,0.246031746031746,236,213,0.323943661,0.464788732,0.03286384976525822,0.059322033,0.194915254,135.99069544550633,87.27609159317484,0.04733728,0.35502959
608369,Corey Seager,TEX,446,72.16159966367711,6.627597062780269,0.1928251121076233,0.2645739910313901,0.1524663677130044,0.2130044843049327,310,273,0.26007326,0.45054945,0.054945054945054944,0.109677419,0.180645161,119.45141336337572,91.38980074541284,0.15137615,0.49082569
666181,Will Benson,CIN,427,72.13750915690862,7.866020046838407,0.2271662763466042,0.1545667447306791,0.0655737704918032,0.3700234192037471,269,236,0.190677966,0.377118644,0.038135593220338986,0.104089219,0.394052044,81.21112172797696,88.88823950381679,0.12781955,0.42105263
665161,Jeremy Peña,HOU,520,72.12822886538457,7.613225576923077,0.1865384615384615,0.275,0.123076923076923,0.2403846153846154,344,317,0.277602523,0.388012618,0.01892744479495268,0.046511627,0.15988372,102.92712549449416,88.50072587404215,0.04494382,0.39325843
650559,Bryan De La Cruz,MIA,597,72.12724946398664,7.684395778894472,0.2311557788944723,0.236180904522613,0.0954773869346733,0.271356783919598,360,335,0.23880597,0.420895522,0.04477611940298507,0.058333333,0.258333333,97.15554808287328,89.6468621399177,0.11065574,0.43852459
664023,Ian Happ,CHC,532,72.10772853383456,6.9956100187969925,0.2274436090225563,0.2105263157894736,0.0958646616541353,0.2819548872180451,334,283,0.226148409,0.413427561,0.038869257950530034,0.134730538,0.275449101,117.6174390883668,90.09848453861257,0.125,0.42708333
572138,Jon Singleton,HOU,280,72.10204278571422,7.123845607142857,0.2321428571428571,0.2678571428571428,0.1321428571428571,0.275,213,184,0.233695652,0.347826086,0.03260869565217391,0.131455399,0.267605633,100.18297953174438,89.61406557578741,0.0703125,0.4140625
668709,JJ Bleday,OAK,499,72.09006348697399,7.254732705410821,0.190380761523046,0.2645290581162324,0.1302605210420841,0.2444889779559118,348,310,0.241935483,0.438709677,0.035483870967741936,0.103448275,0.189655172,119.2627649039269,89.33515785751028,0.08163265,0.36326531
663647,Ke'Bryan Hayes,PIT,309,72.07525472491909,6.897676731391585,0.2006472491909385,0.2944983818770226,0.1521035598705501,0.174757281553398,249,223,0.228699551,0.304932735,0.013452914798206279,0.07630522,0.196787148,71.06036277379987,88.25896561617232,0.02808989,0.43258427
596019,Francisco Lindor,NYM,561,72.02897295900183,7.493311729055257,0.2085561497326203,0.3083778966131907,0.1479500891265597,0.2085561497326203,377,341,0.249266862,0.4457478,0.04105571847507331,0.066312997,0.175066312,118.37735996285114,90.51762748194946,0.13309353,0.47122302
596146,Max Kepler,MIN,388,71.98696871134021,7.476376726804123,0.25,0.2525773195876288,0.1185567010309278,0.2087628865979381,230,210,0.242857142,0.4,0.02857142857142857,0.060869565,0.204347826,98.11243367907586,89.69543232361963,0.09036145,0.39156627
594807,Adam Duvall,ATL,326,71.96126205521466,7.601639141104294,0.1901840490797546,0.2147239263803681,0.1134969325153374,0.2699386503067484,213,192,0.171875,0.296875,0.03125,0.079812206,0.291079812,55.52205822274605,88.30957776717557,0.12977099,0.39694656
641584,Jake Fraley,CIN,371,71.96119601078172,7.07768935309973,0.2210242587601078,0.1752021563342318,0.045822102425876,0.1778975741239892,209,190,0.27368421,0.342105263,0.005263157894736842,0.071770334,0.18660287,88.57442646291814,83.7249691611842,0.02614379,0.24183007
701538,Jackson Merrill,SDP,488,71.95354077868856,7.502182622950819,0.2151639344262295,0.2540983606557377,0.1229508196721311,0.1639344262295081,310,292,0.29109589,0.458904109,0.0410958904109589,0.04516129,0.164516129,125.28831949070482,89.81160042790457,0.08606557,0.43852459
641487,J.P. Crawford,SEA,378,71.94837261904759,7.272405105820106,0.2486772486772486,0.2486772486772486,0.1031746031746031,0.1798941798941798,272,237,0.210970464,0.354430379,0.029535864978902954,0.121323529,0.209558823,96.2586006603288,88.09473207980226,0.07734807,0.38674033
622534,Manuel Margot,MIN,279,71.93028967741935,7.218854229390682,0.1863799283154121,0.2759856630824372,0.1326164874551971,0.1935483870967742,187,168,0.244047619,0.351190476,0.017857142857142856,0.07486631,0.14973262,91.1365001988282,89.01208673007247,0.07042254,0.3943662
665862,Jazz Chisholm Jr.,MIA,489,71.89708218813905,7.45991100409836,0.2331288343558282,0.2229038854805726,0.0920245398773006,0.2924335378323108,340,309,0.25566343,0.417475728,0.032362459546925564,0.079411764,0.255882352,106.09092128077684,89.48022347383721,0.11659193,0.38565022
623912,Harold Ramírez,- - -,303,71.88065508250824,7.324594158415842,0.297029702970297,0.2607260726072607,0.0693069306930693,0.2904290429042904,192,187,0.267379679,0.315508021,0.0053475935828877,0.015625,0.192708333,72.21548949677567,86.51085023622255,0.03311258,0.33774834
669016,Brandon Marsh,PHI,330,71.85649284848479,7.123644424242424,0.1606060606060606,0.2696969696969697,0.1151515151515151,0.2242424242424242,238,207,0.265700483,0.420289855,0.033816425120772944,0.117647058,0.31512605,118.87474095015229,92.41958188657408,0.08148148,0.51851852
543807,George Springer,TOR,485,71.82767983505154,7.3770257938144335,0.2164948453608247,0.2412371134020618,0.1092783505154639,0.2041237113402061,324,285,0.214035087,0.347368421,0.031578947368421054,0.104938271,0.182098765,88.38138565692877,87.21030381944445,0.07860262,0.3580786
553993,Eugenio Suárez,ARI,489,71.82115182004082,7.731385930470347,0.1901840490797546,0.1963190184049079,0.0756646216768916,0.2985685071574642,318,278,0.197841726,0.31294964,0.02158273381294964,0.088050314,0.29245283,71.8300393899911,87.49435649671052,0.07368421,0.35263158
686676,Korey Lee,CHW,394,71.8046243654823,7.201048730964467,0.1700507614213197,0.1928934010152284,0.0964467005076142,0.3730964467005076,217,206,0.233009708,0.383495145,0.038834951456310676,0.050691244,0.29032258,83.5587545203175,87.28237200797872,0.06993007,0.3986014
664774,LaMonte Wade Jr.,SFG,226,71.71923464601767,6.588162168141593,0.2168141592920353,0.2699115044247787,0.1460176991150442,0.1592920353982301,181,142,0.323943661,0.436619718,0.02112676056338028,0.193370165,0.220994475,163.91720047245747,90.92457932692308,0.10576923,0.47115385
657557,Paul DeJong,CHW,545,71.69847988990834,6.866870935779817,0.1229357798165137,0.1908256880733945,0.0880733944954128,0.2990825688073394,290,270,0.237037037,0.448148148,0.05555555555555555,0.034482758,0.317241379,103.60398948082614,88.1136447482639,0.1,0.41666667
658668,Edward Olivares,PIT,296,71.69114993243242,7.3014195270270275,0.2331081081081081,0.2128378378378378,0.1081081081081081,0.2364864864864864,189,167,0.233532934,0.347305389,0.029940119760479042,0.084656084,0.195767195,83.99075793762324,86.6019633278918,0.06716418,0.34328358
657041,Lane Thomas,WSN,329,71.67426559270517,6.755166869300912,0.1641337386018237,0.3130699088145897,0.1398176291793313,0.1854103343465045,248,222,0.234234234,0.405405405,0.036036036036036036,0.080645161,0.221774193,97.32205026696283,90.1026761239035,0.08187135,0.43859649
671289,Tyler Freeman,CLE,390,71.65181889743593,7.198770461538461,0.1743589743589743,0.3,0.1307692307692307,0.1666666666666666,291,251,0.211155378,0.342629482,0.027888446215139442,0.075601374,0.151202749,89.89421636720331,87.75514573317308,0.04245283,0.37264151
668715,Spencer Steer,CIN,514,71.64328149805449,7.3911517704280145,0.1536964980544747,0.2645914396887159,0.1070038910505836,0.1984435797665369,346,302,0.241721854,0.413907284,0.033112582781456956,0.106936416,0.208092485,108.943695883806,88.53396739130434,0.07359307,0.41125541
668804,Bryan Reynolds,PIT,554,71.61812416967508,6.895577472924188,0.1841155234657039,0.279783393501805,0.1444043321299639,0.2617328519855595,376,339,0.27138643,0.460176991,0.038348082595870206,0.082446808,0.22074468,123.49496696263836,89.68735616521317,0.10465116,0.46899225
595777,Jurickson Profar,SDP,494,71.55890704453437,7.357693319838056,0.2226720647773279,0.2813765182186235,0.1113360323886639,0.1599190283400809,350,299,0.311036789,0.471571906,0.03678929765886288,0.122857142,0.145714285,156.1449713069169,90.42182736280488,0.06772908,0.4063745
680869,Zack Gelof,OAK,411,71.52373671532848,7.4197533090024335,0.1021897810218978,0.2068126520681265,0.0681265206812652,0.3333333333333333,260,238,0.201680672,0.365546218,0.037815126050420166,0.065384615,0.357692307,80.69244998865884,89.37301296657986,0.08783784,0.35810811
686469,Vinnie Pasquantino,KCR,508,71.49758244094498,7.444257696850394,0.1732283464566929,0.3307086614173228,0.1377952755905512,0.1338582677165354,340,295,0.244067796,0.430508474,0.03389830508474576,0.094117647,0.135294117,104.80787610230075,91.46170966569768,0.07751938,0.46899225
621020,Dansby Swanson,CHC,464,71.47461387931045,7.465740193965517,0.1271551724137931,0.2478448275862069,0.1185344827586206,0.293103448275862,291,262,0.213740458,0.358778625,0.030534351145038167,0.089347079,0.26460481,85.08072159004001,89.98338793682795,0.09139785,0.44086022
607208,Trea Turner,PHI,310,71.47131738709676,7.633728516129032,0.1806451612903225,0.3161290322580645,0.1258064516129032,0.2451612903225806,210,195,0.338461538,0.487179487,0.02564102564102564,0.057142857,0.176190476,148.50677969553277,90.77808544303798,0.06962025,0.46202532
592206,Nick Castellanos,PHI,593,71.44853971332206,7.590038462837837,0.2141652613827993,0.2344013490725126,0.0910623946037099,0.3086003372681282,357,327,0.232415902,0.3853211,0.03363914373088685,0.070028011,0.224089635,91.00998620223784,87.678955078125,0.07630522,0.3935743
608070,José Ramírez,CLE,563,71.42353682060403,7.30511079928952,0.1847246891651865,0.2841918294849023,0.1332149200710479,0.1261101243339254,350,322,0.276397515,0.54968944,0.07142857142857142,0.071428571,0.128571428,144.37293777900544,89.72229794289568,0.09677419,0.40143369
686668,Brenton Doyle,COL,469,71.40581846481875,7.309524690831555,0.1194029850746268,0.2388059701492537,0.1087420042643923,0.2750533049040511,333,295,0.264406779,0.423728813,0.03389830508474576,0.081081081,0.252252252,96.97076315463283,88.91119730247641,0.0913242,0.40182648
663697,Jonathan India,CIN,380,71.32655402631579,7.063478315789474,0.1789473684210526,0.2578947368421053,0.1105263157894736,0.1605263157894736,320,269,0.275092936,0.40520446,0.01858736059479554,0.128125,0.196875,123.14998040856588,88.04462139423077,0.06220096,0.36842105
642731,Thairo Estrada,SFG,422,71.32625414691941,7.176873815165877,0.1611374407582938,0.2890995260663507,0.1161137440758293,0.1540284360189573,311,295,0.230508474,0.376271186,0.030508474576271188,0.03215434,0.192926045,82.70583428622439,86.51869658119658,0.05485232,0.33755274
679032,Johan Rojas,PHI,280,71.30086382142859,7.293671214285713,0.2071428571428571,0.2392857142857143,0.1035714285714285,0.2285714285714285,206,192,0.234375,0.296875,0.010416666666666666,0.038834951,0.169902912,61.94228069194087,84.49159390318627,0.0310559,0.29192547
663837,Matt Vierling,DET,436,71.29924559633035,7.414245986238531,0.1192660550458715,0.3073394495412844,0.1444954128440367,0.1880733944954128,284,268,0.25,0.436567164,0.03731343283582089,0.045774647,0.225352112,100.6555104076392,90.90020782019704,0.10194175,0.4368932
669304,Jose Miranda,MIN,375,71.28824397333337,7.553269866666666,0.16,0.3226666666666666,0.1173333333333333,0.1706666666666666,245,226,0.296460176,0.482300884,0.035398230088495575,0.053061224,0.142857142,130.89142517928576,89.71666599548969,0.07731959,0.40206186
665750,Leody Taveras,TEX,425,71.25804312941183,7.345738164705882,0.1529411764705882,0.2705882352941176,0.1388235294117647,0.2588235294117647,291,263,0.2243346,0.338403041,0.019011406844106463,0.092783505,0.189003436,80.44333495791415,90.00281591322816,0.05741627,0.40191388
518595,Travis d'Arnaud,ATL,257,71.23722649805453,7.770238871595329,0.1945525291828793,0.2529182879377432,0.1089494163424124,0.3190661478599221,182,163,0.233128834,0.441717791,0.04294478527607362,0.065934065,0.219780219,104.8235173555978,90.19121723790325,0.1031746,0.38888889
656775,Cedric Mullins,BAL,398,71.20168540201003,7.443166683417084,0.0904522613065326,0.2613065326633166,0.1055276381909547,0.14321608040201,261,242,0.219008264,0.388429752,0.0371900826446281,0.053639846,0.214559386,85.03277235075544,87.33230802974599,0.05291005,0.33862434
687263,Zach Neto,LAA,467,71.17573447537471,7.222329098712446,0.164882226980728,0.2483940042826552,0.1134903640256959,0.2526766595289079,304,281,0.24911032,0.434163701,0.03914590747330961,0.049342105,0.240131578,105.2558335037403,88.73037300857843,0.09047619,0.37619048
467793,Carlos Santana,MIN,459,71.17406065359484,7.5324152723311535,0.1590413943355119,0.289760348583878,0.0958605664488017,0.2047930283224401,307,275,0.25090909,0.436363636,0.04363636363636364,0.091205211,0.15960912,118.09713476103238,88.9610325636062,0.07079646,0.38938053
666397,Edouard Julien,MIN,227,71.17202431718066,7.090939118942731,0.1497797356828193,0.2334801762114537,0.1013215859030837,0.2995594713656387,194,169,0.207100591,0.366863905,0.04142011834319527,0.12371134,0.340206185,97.22170983295553,88.90078883495146,0.11650485,0.38834951
664728,Kyle Isbel,KCR,285,71.16441807017544,7.191101087719297,0.1403508771929824,0.3192982456140351,0.1298245614035087,0.1614035087719298,223,206,0.233009708,0.383495145,0.02912621359223301,0.053811659,0.188340807,81.35998654934681,89.10720619248467,0.04761905,0.39285714
672275,Patrick Bailey,SFG,337,71.1390477151335,7.341624569732938,0.1246290801186943,0.2967359050445103,0.1275964391691394,0.2047477744807121,227,197,0.279187817,0.426395939,0.030456852791878174,0.110132158,0.198237885,125.74747649552332,91.82673355800654,0.04458599,0.42038217
663898,Brendan Rodgers,COL,346,71.13542219653182,7.082013583815029,0.2138728323699421,0.26878612716763,0.1271676300578034,0.2023121387283237,265,248,0.282258064,0.407258064,0.020161290322580645,0.060377358,0.215094339,91.41020168789402,88.7540085078534,0.046875,0.44270833
573262,Mike Yastrzemski,SFG,331,71.13181268882173,7.565691148036253,0.0574018126888217,0.2719033232628399,0.1148036253776435,0.2658610271903323,217,194,0.231958762,0.412371134,0.03608247422680412,0.092165898,0.276497695,107.8463122892246,89.91754807692308,0.0962963,0.41481481
690993,Colt Keith,DET,383,71.11927339425587,6.852629503916448,0.1409921671018276,0.2898172323759791,0.1044386422976501,0.1906005221932115,267,249,0.228915662,0.313253012,0.01606425702811245,0.056179775,0.176029962,67.45165498963533,87.58618765394088,0.06403941,0.34975369
656555,Rhys Hoskins,MIL,379,71.10522554089711,8.0803491292876,0.1240105540897097,0.2559366754617414,0.0949868073878627,0.229551451187335,259,223,0.224215246,0.403587443,0.04932735426008968,0.104247104,0.254826254,104.93694252176178,88.55565792059748,0.1242236,0.39751553
642708,Amed Rosario,TBR,359,71.10147863509745,7.3688340947075215,0.1643454038997214,0.2479108635097493,0.0974930362116991,0.2395543175487465,229,220,0.29090909,0.4,0.00909090909090909,0.030567685,0.165938864,105.90755859446426,86.55090398736338,0.04918033,0.37704918
683734,Andrew Vaughn,CHW,508,71.07482098425197,7.542059606299213,0.1259842519685039,0.2933070866141732,0.1358267716535433,0.1988188976377952,329,303,0.244224422,0.402640264,0.036303630363036306,0.057750759,0.224924012,97.34963439476576,90.7793053300866,0.09090909,0.43290043
664056,Harrison Bader,NYM,354,71.04589499999997,7.058073107344633,0.1779661016949152,0.2768361581920904,0.1073446327683615,0.2175141242937853,253,233,0.270386266,0.407725321,0.02575107296137339,0.051383399,0.205533596,108.25315646259752,87.215576171875,0.07608696,0.35869565
641598,Mitch Garver,SEA,391,70.93430979539637,7.345849386189258,0.0895140664961636,0.2327365728900255,0.1074168797953964,0.3043478260869565,276,232,0.172413793,0.353448275,0.04310344827586207,0.134057971,0.307971014,91.51383966246333,89.29017014471476,0.09333333,0.40666667
676475,Alec Burleson,STL,468,70.8848822435898,7.407231559829059,0.1538461538461538,0.3119658119658119,0.1239316239316239,0.173076923076923,286,268,0.279850746,0.46641791,0.048507462686567165,0.038461538,0.146853146,121.07808133370186,90.30223090277778,0.06956522,0.41304348
671277,Luis García Jr.,WSN,411,70.86825423357662,7.243623552311435,0.1751824817518248,0.2652068126520681,0.1143552311435523,0.2116788321167883,281,269,0.256505576,0.3866171,0.026022304832713755,0.042704626,0.167259786,89.82162788959415,88.2724114343318,0.07657658,0.36936937
666310,Bo Naylor,CLE,319,70.86742746081511,7.33716357366771,0.1003134796238244,0.2131661442006269,0.0815047021943573,0.2727272727272727,198,179,0.20670391,0.33519553,0.0223463687150838,0.08080808,0.338383838,73.48275471487968,88.53519081858407,0.06140351,0.35087719
681351,Logan O'Hoppe,LAA,408,70.85775725490203,7.250614779411763,0.1789215686274509,0.2524509803921568,0.1176470588235294,0.2745098039215686,272,250,0.28,0.48,0.048,0.0625,0.25367647,127.25885042315872,90.81114783653848,0.10928962,0.4863388
621438,Tyrone Taylor,NYM,254,70.81631547244093,7.67523275590551,0.0905511811023622,0.2992125984251969,0.1299212598425196,0.1889763779527559,179,166,0.222891566,0.361445783,0.024096385542168676,0.044692737,0.20670391,82.39382811352623,87.5065689086914,0.08396947,0.3740458
605137,Josh Bell,MIA,511,70.80038375733855,7.854266653620352,0.1663405088062622,0.2720156555772994,0.1154598825831702,0.2446183953033268,351,318,0.23899371,0.367924528,0.025157232704402517,0.068376068,0.185185185,89.00661918053248,88.4009904035433,0.06614786,0.38132296
608324,Alex Bregman,HOU,477,70.77965639412999,7.032461257861635,0.1132075471698113,0.3270440251572327,0.090146750524109,0.1111111111111111,353,323,0.247678018,0.396284829,0.02786377708978328,0.07365439,0.133144475,100.03935479906804,88.06746712005396,0.04676259,0.35251799
676059,Jordan Westburg,BAL,500,70.77914319999995,6.78084556,0.104,0.266,0.112,0.268,324,299,0.280936454,0.50167224,0.043478260869565216,0.052469135,0.219135802,136.0863270630192,91.50067378548034,0.10434783,0.47826087
668670,Jake Rogers,DET,254,70.76218051181095,7.351243661417322,0.0472440944881889,0.2795275590551181,0.1023622047244094,0.2913385826771653,174,162,0.203703703,0.345679012,0.037037037037037035,0.051724137,0.304597701,68.4595327300032,88.9071280103211,0.1,0.37272727
693304,Nick Gonzales,PIT,327,70.75255036697251,7.244494770642202,0.1253822629969418,0.2446483180428134,0.1070336391437308,0.2629969418960244,182,168,0.279761904,0.434523809,0.02976190476190476,0.043956043,0.241758241,106.94666410002807,89.0841781374008,0.1015625,0.390625
672580,Maikel Garcia,KCR,506,70.71626106719363,7.209233241106719,0.1126482213438735,0.3438735177865613,0.1403162055335968,0.1363636363636363,380,349,0.229226361,0.338108882,0.014326647564469915,0.068421052,0.163157894,71.66496652615585,90.84695530270037,0.04452055,0.43150685
672640,Otto Lopez,MIA,282,70.7011909574468,6.560988971631206,0.1170212765957446,0.2943262411347517,0.1312056737588652,0.202127659574468,175,163,0.251533742,0.349693251,0.018404907975460124,0.034285714,0.154285714,76.23431027542864,88.47112064085145,0.05673759,0.38297872
669707,Jared Triolo,PIT,390,70.64354946153846,7.911104615384614,0.082051282051282,0.2179487179487179,0.0897435897435897,0.2461538461538461,252,223,0.201793721,0.278026905,0.017937219730941704,0.095238095,0.261904761,60.06858304854532,87.43834228515625,0.03726708,0.36645963
606115,Orlando Arcia,ATL,460,70.6158310652174,7.901975673913043,0.1521739130434782,0.2913043478260869,0.0869565217391304,0.2391304347826087,306,285,0.210526315,0.336842105,0.021052631578947368,0.04248366,0.209150326,60.041086139711815,89.70398057245575,0.04845815,0.41409692
593428,Xander Bogaerts,SDP,247,70.5862360728745,7.300233846153846,0.1376518218623481,0.2753036437246963,0.0931174089068826,0.1983805668016194,200,187,0.219251336,0.315508021,0.0213903743315508,0.06,0.2,70.10794287457283,86.19101034628379,0.06756757,0.30405405
678662,Ezequiel Tovar,COL,656,70.57960885670744,7.561606036585366,0.1280487804878048,0.2088414634146341,0.073170731707317,0.3155487804878049,371,351,0.276353276,0.458689458,0.03418803418803419,0.035040431,0.277628032,97.9559836186172,88.11613642068274,0.07905138,0.37944664
672515,Gabriel Moreno,ARI,314,70.56452990445864,7.018750350318471,0.1273885350318471,0.2834394904458598,0.1146496815286624,0.1815286624203821,221,194,0.231958762,0.345360824,0.015463917525773196,0.108597285,0.149321266,89.78796082638202,89.19482721434049,0.05521472,0.39263804
650489,Willi Castro,MIN,536,70.54795128731348,7.0936599440298505,0.1604477611940298,0.2126865671641791,0.0876865671641791,0.2686567164179104,337,297,0.272727272,0.447811447,0.02356902356902357,0.080118694,0.246290801,131.01103377531987,87.9878369372038,0.0744186,0.39069767
666182,Bo Bichette,TOR,461,70.5439939262472,7.308460629067245,0.1453362255965292,0.2841648590021692,0.1258134490238611,0.1908893709327548,305,282,0.226950354,0.326241134,0.014184397163120567,0.062295081,0.173770491,74.35392686861594,89.78973658738938,0.04347826,0.43478261
663886,Tyler Stephenson,CIN,307,70.53637895765465,7.378934755700325,0.0749185667752442,0.3387622149837133,0.1433224755700325,0.1270358306188925,234,207,0.236714975,0.391304347,0.028985507246376812,0.089743589,0.175213675,95.73423238161698,90.68591527881736,0.0952381,0.46428571
656413,Stuart Fairchild,CIN,245,70.48604600000002,7.362979836734694,0.110204081632653,0.2408163265306122,0.0938775510204081,0.3510204081632653,178,160,0.23125,0.34375,0.025,0.078651685,0.224719101,82.52908974849463,86.13106317934782,0.0661157,0.37190083
666163,Ben Rortvedt,TBR,262,70.46230225190841,7.111807709923664,0.0648854961832061,0.2519083969465648,0.0610687022900763,0.2900763358778626,175,152,0.263157894,0.375,0.019736842105263157,0.12,0.274285714,119.52126173699916,88.44911445691747,0.05769231,0.32692308
681807,David Fry,CLE,331,70.37581003021155,7.795614592145014,0.0725075528700906,0.2537764350453172,0.0996978851963746,0.2084592145015106,215,178,0.303370786,0.511235955,0.0449438202247191,0.130232558,0.2,162.39544977495393,89.45095802919708,0.0729927,0.41605839
665839,Enmanuel Valdez,BOS,250,70.34736503999999,7.54151412,0.1,0.256,0.092,0.208,174,157,0.210191082,0.394904458,0.03821656050955414,0.074712643,0.24137931,77.86932662212183,89.6211358432112,0.1092437,0.42857143
669701,Josh Smith,TEX,460,70.34310217391302,6.866276043478261,0.0695652173913043,0.2760869565217391,0.0869565217391304,0.2021739130434782,300,258,0.290697674,0.449612403,0.027131782945736434,0.09,0.183333333,139.23889450504578,87.15662896455224,0.02926829,0.34634146
608841,Joey Meneses,WSN,457,70.32905682713354,7.026172538293217,0.1137855579868708,0.2691466083150984,0.0962800875273523,0.2056892778993435,305,273,0.234432234,0.311355311,0.01098901098901099,0.068852459,0.203278688,72.87271007515716,89.00187174479167,0.04608295,0.40092166
666158,Gavin Lux,LAD,335,70.2892296716418,7.154415074626866,0.0925373134328358,0.2805970149253731,0.0925373134328358,0.1761194029850746,245,229,0.218340611,0.296943231,0.008733624454148471,0.065306122,0.212244897,64.30440475649354,87.22376043146306,0.03954802,0.37288136
664034,Ty France,SEA,433,70.22724249422626,7.490550046189376,0.0969976905311778,0.2217090069284064,0.0785219399538106,0.2193995381062355,289,252,0.23015873,0.369047619,0.031746031746031744,0.093425605,0.242214532,106.03950594122593,88.10311005806011,0.09289617,0.37704918
641680,Jonah Heim,TEX,431,70.14334719257543,7.424413294663573,0.1183294663573085,0.2830626450116009,0.1044083526682134,0.1925754060324826,278,258,0.232558139,0.341085271,0.027131782945736434,0.064748201,0.190647482,76.06139735904776,89.55085784313725,0.07281553,0.39320388
666971,Lourdes Gurriel Jr.,ARI,511,70.14120070450097,7.439732524461839,0.0704500978473581,0.2544031311154598,0.1017612524461839,0.1800391389432485,333,316,0.265822784,0.417721518,0.03481012658227848,0.039039039,0.195195195,101.98487848211906,88.46708364335318,0.07539683,0.40079365
592696,Eddie Rosario,WSN,363,70.05767509641865,7.200929752066116,0.0661157024793388,0.2865013774104683,0.1074380165289256,0.256198347107438,235,219,0.182648401,0.328767123,0.0319634703196347,0.055319148,0.229787234,54.10135566365539,90.61023390436748,0.05357143,0.45238095
678882,Ceddanne Rafaela,BOS,527,70.00472713472483,7.414062960151802,0.0531309297912713,0.2314990512333966,0.0853889943074003,0.3111954459203036,304,287,0.243902439,0.397212543,0.0313588850174216,0.032894736,0.259868421,80.1451432573587,86.68562163576556,0.06103286,0.35680751
641355,Cody Bellinger,CHC,477,69.92936100628934,7.72800255765199,0.0566037735849056,0.2976939203354298,0.0817610062893081,0.2159329140461215,313,285,0.270175438,0.421052631,0.031578947368421054,0.076677316,0.172523961,110.78195271068468,88.15231021995709,0.06437768,0.34763948
571448,Nolan Arenado,STL,482,69.87686769709543,8.228295850622406,0.0954356846473029,0.2572614107883817,0.0663900414937759,0.1887966804979253,329,297,0.259259259,0.373737373,0.02356902356902357,0.0668693,0.161094224,98.0708000887472,85.08818869226907,0.032,0.276
518692,Freddie Freeman,LAD,562,69.79927149466185,6.793921761565836,0.1103202846975088,0.2775800711743772,0.1049822064056939,0.1725978647686832,377,316,0.297468354,0.503164556,0.0379746835443038,0.129973474,0.148541114,153.7408574585657,89.27547906839622,0.10188679,0.40754717
643289,Mauricio Dubón,HOU,368,69.79521179347826,7.680025081521739,0.0760869565217391,0.3097826086956521,0.0706521739130434,0.1657608695652173,223,211,0.289099526,0.402843601,0.014218009478672985,0.031390134,0.085201793,101.2694283187252,86.42010403173575,0.03061224,0.25510204
650402,Gleyber Torres,NYY,544,69.78558422794114,7.293280569852941,0.0680147058823529,0.2316176470588235,0.0661764705882353,0.2352941176470588,345,305,0.226229508,0.350819672,0.02622950819672131,0.089855072,0.234782608,88.21823990813267,88.23292508187772,0.06086957,0.35217391
683737,Michael Busch,CHC,439,69.75916610478359,7.294381845102506,0.0774487471526195,0.2255125284738041,0.0911161731207289,0.3189066059225512,285,243,0.259259259,0.444444444,0.0411522633744856,0.129824561,0.326315789,128.94588163335473,88.81179327713816,0.11764706,0.37254902
676914,Davis Schneider,TOR,383,69.7391632637076,6.891086187989556,0.0548302872062663,0.248041775456919,0.0704960835509138,0.2402088772845953,273,234,0.213675213,0.405982905,0.042735042735042736,0.113553113,0.267399267,105.51412022644756,88.90833925189393,0.13939394,0.34545455
650859,Luis Rengifo,LAA,441,69.72130179138314,7.1813712925170075,0.1247165532879818,0.2834467120181406,0.0816326530612244,0.2086167800453514,266,248,0.318548387,0.447580645,0.024193548387096774,0.04887218,0.135338345,129.72728761662037,87.35637160966981,0.02816901,0.342723
593871,Jorge Polanco,SEA,299,69.68884755852845,7.240092775919731,0.0735785953177257,0.2073578595317725,0.0869565217391304,0.294314381270903,204,181,0.193370165,0.292817679,0.027624309392265192,0.102941176,0.323529411,72.2791558282913,87.09243639380531,0.06956522,0.3826087
641313,Tim Anderson,MIA,399,69.64202596491229,7.185125388471177,0.0401002506265664,0.2055137844611528,0.0827067669172932,0.2656641604010025,241,234,0.213675213,0.226495726,0.0,0.029045643,0.282157676,30.63015963449667,86.10488873106061,0.01807229,0.30120482
672761,Wenceel Pérez,DET,403,69.52299034739458,6.795457791563275,0.0545905707196029,0.2878411910669975,0.0769230769230769,0.1985111662531017,252,231,0.259740259,0.389610389,0.012987012987012988,0.075396825,0.206349206,99.52009155119084,88.6297724664548,0.03867403,0.31491713
663368,Blake Perkins,MIL,355,69.51234599999998,7.309888253521127,0.0253521126760563,0.304225352112676,0.1014084507042253,0.3014084507042253,261,234,0.247863247,0.358974358,0.021367521367521368,0.088122605,0.268199233,96.1650347583744,88.62191381209936,0.04848485,0.38181818
641432,Willie Calhoun,LAA,240,69.50451591666668,6.708026708333333,0.0916666666666666,0.3375,0.15,0.1375,171,157,0.27388535,0.394904458,0.012738853503184714,0.076023391,0.14619883,102.43574122880204,89.7464535361842,0.03007519,0.40601504
647351,Abraham Toro,OAK,441,69.49809963718816,7.606034716553288,0.1065759637188208,0.2993197278911564,0.0884353741496598,0.1814058956916099,295,277,0.259927797,0.386281588,0.021660649819494584,0.040677966,0.179661016,99.52411393460169,87.24564034598214,0.05333333,0.28888889
691026,Masyn Winn,STL,479,69.46824465553226,7.292582776617953,0.0626304801670146,0.2359081419624217,0.0855949895615866,0.1670146137787056,297,271,0.287822878,0.416974169,0.014760147601476014,0.067340067,0.198653198,112.78677609644954,86.09102662852112,0.02293578,0.29357798
676609,José Caballero,TBR,364,69.40608326923075,6.903138076923077,0.1538461538461538,0.2142857142857142,0.0769230769230769,0.2774725274725275,261,236,0.245762711,0.368644067,0.0211864406779661,0.061302681,0.275862068,98.74929766284752,83.87180621069183,0.05389222,0.25748503
621493,Taylor Ward,LAA,460,69.38509308695654,6.980537108695652,0.0521739130434782,0.308695652173913,0.1326086956521739,0.2043478260869565,346,301,0.242524916,0.435215946,0.046511627906976744,0.106936416,0.236994219,113.89850275872718,91.08004309136771,0.15625,0.4375
668939,Adley Rutschman,BAL,553,69.3568461663653,7.003160833333332,0.0542495479204339,0.3074141048824593,0.1139240506329113,0.1754068716094032,361,327,0.290519877,0.464831804,0.045871559633027525,0.080332409,0.180055401,131.07887857723173,89.43079622885338,0.08646617,0.42105263
672279,Michael Siani,STL,278,69.33302802158275,7.2730494964028765,0.0647482014388489,0.2625899280575539,0.0611510791366906,0.2446043165467626,190,171,0.228070175,0.315789473,0.011695906432748537,0.042105263,0.257894736,66.35617292147312,84.47787024456522,0.03787879,0.20454545
605141,Mookie Betts,LAD,362,69.26396,6.893419889502762,0.1104972375690607,0.3839779005524862,0.1243093922651933,0.1132596685082873,331,283,0.303886925,0.487632508,0.0353356890459364,0.141993957,0.102719033,157.87447403330924,90.47704882028113,0.06024096,0.40160643
676694,Jake Meyers,HOU,326,69.26126435582823,7.0030019018404905,0.107361963190184,0.2576687116564417,0.0950920245398773,0.2699386503067484,250,227,0.251101321,0.422907488,0.03524229074889868,0.068,0.24,111.51318885606467,89.42610875571647,0.07738095,0.4047619
680977,Brendan Donovan,STL,429,69.25612163170166,6.881122191142191,0.0699300699300699,0.3613053613053613,0.1212121212121212,0.1398601398601398,344,307,0.270358306,0.413680781,0.026058631921824105,0.069767441,0.139534883,117.82402349874368,88.78451277858527,0.05725191,0.38549618
608385,Jesse Winker,WSN,439,69.22244100227792,7.293480728929386,0.0501138952164009,0.2619589977220957,0.0979498861047836,0.1981776765375854,315,261,0.25670498,0.406130268,0.034482758620689655,0.136507936,0.231746031,125.86115889296204,88.63828951719577,0.08333333,0.359375
643565,Mike Tauchman,CHC,448,69.20618207589284,6.941980580357143,0.0334821428571428,0.2299107142857142,0.0915178571428571,0.2053571428571428,256,220,0.259090909,0.381818181,0.022727272727272728,0.12890625,0.203125,116.66706972910843,88.76367768787202,0.07692308,0.39053254
677587,Brayan Rocchio,CLE,368,69.16385665760879,7.230296548913043,0.0190217391304347,0.2309782608695652,0.0543478260869565,0.2010869565217391,248,213,0.211267605,0.295774647,0.009389671361502348,0.104838709,0.189516129,80.51823862800623,84.80910584984755,0.02941176,0.22352941
545121,Ildemaro Vargas,WSN,223,69.1123329147982,7.131574080717489,0.0762331838565022,0.3811659192825112,0.0941704035874439,0.1255605381165919,174,154,0.253246753,0.331168831,0.0,0.074712643,0.103448275,83.01178214659105,87.40898581112133,0.00704225,0.3028169
645277,Ozzie Albies,ATL,562,69.10006759786476,7.240783309608543,0.0800711743772241,0.2775800711743772,0.0622775800711743,0.193950177935943,331,303,0.254125412,0.396039603,0.019801980198019802,0.063444108,0.154078549,99.25921509850517,88.37838129940711,0.0511811,0.30708661
514888,Jose Altuve,HOU,525,69.09323411428575,7.851730723809523,0.1066666666666666,0.2628571428571428,0.0609523809523809,0.2038095238095238,370,344,0.308139534,0.470930232,0.0377906976744186,0.062162162,0.186486486,135.96769943810745,86.58652052238806,0.07636364,0.31636364
630105,Jake Cronenworth,SDP,512,69.08309710937499,7.056025214843751,0.046875,0.302734375,0.119140625,0.173828125,362,323,0.256965944,0.433436532,0.03715170278637771,0.071823204,0.174033149,118.65772538007468,89.79588341346154,0.08988764,0.38576779
686823,Will Brennan,CLE,353,69.07352167138816,6.783385467422096,0.0339943342776203,0.3059490084985836,0.0991501416430594,0.141643059490085,226,207,0.256038647,0.415458937,0.03864734299516908,0.07079646,0.119469026,106.97963116188828,87.50180121527778,0.0718232,0.36464088
680700,Richie Palacios,TBR,374,69.06342508021386,7.010523368983957,0.0454545454545454,0.2406417112299465,0.0695187165775401,0.2406417112299465,239,207,0.251207729,0.347826086,0.01932367149758454,0.112970711,0.230125523,105.29443209859464,87.09302874795752,0.04545455,0.31168831
673490,Ha-Seong Kim,SDP,390,68.95761087179483,6.793925487179488,0.0692307692307692,0.3179487179487179,0.1307692307692307,0.1641025641025641,344,292,0.226027397,0.383561643,0.03424657534246575,0.136627906,0.154069767,109.33291727972195,87.87980385638298,0.04938272,0.35390947
642086,Dominic Smith,BOS,265,68.9481816226415,6.929210830188679,0.030188679245283,0.3018867924528302,0.0792452830188679,0.1962264150943396,170,150,0.213333333,0.326666666,0.02,0.1,0.2,78.80469870406002,87.77456825657895,0.07758621,0.34482759
669222,Nick Senzel,WSN,352,68.90841107954553,7.498439515669515,0.0255681818181818,0.2528409090909091,0.0568181818181818,0.1931818181818181,228,199,0.211055276,0.36683417,0.035175879396984924,0.118421052,0.228070175,93.48582420787729,84.33144932577055,0.06756757,0.27027027
643376,Danny Jansen,TOR,264,68.83368696969697,6.938157537878788,0.0378787878787878,0.3333333333333333,0.125,0.1553030303030303,187,163,0.226993865,0.398773006,0.03067484662576687,0.106951871,0.171122994,105.1127385020082,88.48923561789773,0.08270677,0.36090226
683011,Anthony Volpe,NYY,626,68.75815785942497,7.077467236421724,0.0207667731629392,0.2587859424920127,0.0814696485623003,0.2076677316293929,395,362,0.256906077,0.3839779,0.016574585635359115,0.065822784,0.220253164,99.7074605800632,87.70672743055556,0.04301075,0.3655914
669134,Luis Campusano,SDP,274,68.74199295620444,7.418411277372263,0.0474452554744525,0.3029197080291971,0.0985401459854014,0.1751824817518248,220,205,0.234146341,0.370731707,0.024390243902439025,0.063636363,0.131818181,89.45922421254086,86.99019553444602,0.03954802,0.33333333
624431,Jose Trevino,NYY,221,68.72282217194568,6.993792714932127,0.0407239819004524,0.3665158371040724,0.0995475113122171,0.1628959276018099,174,158,0.240506329,0.398734177,0.05063291139240506,0.06321839,0.166666666,98.22243654099516,88.75890833730917,0.06060606,0.37878788
666152,David Hamilton,BOS,247,68.6505653036437,7.206310971659918,0.020242914979757,0.3157894736842105,0.1012145748987854,0.2348178137651821,177,165,0.266666666,0.424242424,0.030303030303030304,0.062146892,0.242937853,103.88643095168352,88.17836037660257,0.04918033,0.3442623
680474,Max Schuemann,OAK,307,68.57117579804559,6.713438306188925,0.01628664495114,0.2996742671009772,0.0716612377850162,0.257328990228013,211,181,0.226519337,0.314917127,0.016574585635359115,0.104265402,0.265402843,88.9828340490704,89.8767593625992,0.07692308,0.35384615
663538,Nico Hoerner,CHC,445,68.53160748314609,7.164748561797753,0.0314606741573033,0.3235955056179775,0.0741573033707865,0.1191011235955056,324,286,0.244755244,0.342657342,0.013986013986013986,0.089506172,0.11419753,96.47336312356616,86.2943125,0.02,0.296
696285,Jacob Young,WSN,333,68.50456915915922,6.942276846846847,0.015015015015015,0.3153153153153153,0.081081081081081,0.1711711711711711,255,231,0.268398268,0.337662337,0.004329004329004329,0.050980392,0.196078431,91.57582989114914,85.07789248511905,0.02162162,0.27027027
624503,Nick Gordon,MIA,390,68.36613623076921,7.268451051282051,0.0384615384615384,0.2435897435897435,0.0692307692307692,0.3,216,207,0.231884057,0.400966183,0.03864734299516908,0.032407407,0.226851851,80.73630849701749,87.14533986863057,0.06875,0.31875
664983,Jake McCarthy,ARI,296,68.35909945945946,6.920699628378378,0.054054054054054,0.2466216216216216,0.054054054054054,0.1925675675675675,220,188,0.281914893,0.388297872,0.015957446808510637,0.095454545,0.172727272,118.26074262519174,84.65861395474138,0.02580645,0.20645161
519203,Anthony Rizzo,NYY,408,68.31871808823529,6.828076715686274,0.0735294117647058,0.2622549019607843,0.0735294117647058,0.1838235294117647,291,264,0.223484848,0.34090909,0.030303030303030304,0.065292096,0.164948453,82.80166820606372,86.33481758887615,0.0412844,0.33027523
600869,Jeimer Candelario,CIN,474,68.31315987341773,7.825477341772152,0.050632911392405,0.240506329113924,0.0780590717299578,0.2637130801687763,300,276,0.242753623,0.471014492,0.050724637681159424,0.063333333,0.24,108.80101801299163,86.77596897754854,0.08252427,0.35436893
643446,Jeff McNeil,NYM,440,68.2446752954545,6.969993318181817,0.0409090909090909,0.3227272727272727,0.0681818181818181,0.1204545454545454,291,267,0.213483146,0.299625468,0.0149812734082397,0.065292096,0.12371134,69.07121570572164,86.59528702445652,0.01287554,0.2832618
665828,Oswaldo Cabrera,NYY,295,68.16036477966102,6.911424576271186,0.0135593220338983,0.2983050847457627,0.0813559322033898,0.1627118644067796,212,197,0.233502538,0.345177664,0.025380710659898477,0.056603773,0.198113207,78.60353139218311,87.55745546377389,0.03184713,0.31847134
669257,Will Smith,LAD,436,68.1514896559633,7.222622889908258,0.0344036697247706,0.2844036697247706,0.0963302752293578,0.1720183486238532,306,269,0.271375464,0.468401486,0.040892193308550186,0.088235294,0.166666666,126.8039305977127,90.0977085658482,0.11160714,0.43303571
657077,Alex Verdugo,NYY,456,68.04182804824568,6.353874802631578,0.0767543859649122,0.337719298245614,0.1030701754385964,0.1578947368421052,346,311,0.241157556,0.389067524,0.028938906752411574,0.080924855,0.14450867,96.62040111501273,88.46522700471698,0.05617978,0.37078652
592192,Mark Canha,DET,423,68.03179387706857,7.130125130023641,0.0307328605200945,0.3262411347517731,0.0874704491725768,0.210401891252955,320,272,0.224264705,0.338235294,0.022058823529411766,0.109375,0.19375,94.8010872376213,88.60762360622066,0.03286385,0.38967136
543760,Marcus Semien,TEX,560,68.01865233928572,7.632704589285714,0.0321428571428571,0.3160714285714285,0.0964285714285714,0.175,379,346,0.234104046,0.38150289,0.031791907514450865,0.081794195,0.139841688,90.46848751113436,87.3160183005137,0.06462585,0.34693878
663527,Tyler Nevin,OAK,256,67.93946734374997,6.9791009765625,0.01171875,0.265625,0.0703125,0.28125,171,148,0.202702702,0.331081081,0.033783783783783786,0.105263157,0.222222222,90.3122798874489,89.99335394965277,0.07207207,0.40540541
665926,Andrés Giménez,CLE,561,67.93921163992873,6.971077932263815,0.0641711229946524,0.2370766488413547,0.0570409982174688,0.231729055258467,336,305,0.249180327,0.344262295,0.01639344262295082,0.044642857,0.136904761,89.62377178831085,86.09094900678295,0.03802281,0.28136882
643217,Andrew Benintendi,CHW,373,67.93913632707776,6.601722252010724,0.0107238605898123,0.3297587131367292,0.0750670241286863,0.1983914209115281,252,234,0.192307692,0.294871794,0.02564102564102564,0.063492063,0.186507936,49.77728423974948,88.24296454973118,0.05291005,0.31746032
570482,Gio Urshela,DET,332,67.9228630120482,7.094919638554217,0.0271084337349397,0.2771084337349397,0.0783132530120482,0.1596385542168674,203,190,0.236842105,0.3,0.010526315789473684,0.054187192,0.152709359,66.0902264176647,85.17301950636943,0.04375,0.275
670623,Isaac Paredes,TBR,534,67.79080674157301,7.996457940074905,0.046816479400749,0.2528089887640449,0.0543071161048689,0.1704119850187266,337,294,0.275510204,0.472789115,0.04421768707482993,0.097922848,0.169139465,140.98929216781573,84.94078517259415,0.05020921,0.25941423
643396,Isiah Kiner-Falefa,TOR,335,67.41071588059707,6.797444388059701,0.0238805970149253,0.3462686567164179,0.0716417910447761,0.1253731343283582,281,257,0.291828793,0.420233463,0.027237354085603113,0.046263345,0.131672597,117.40076841032064,85.07485779089862,0.02222222,0.25777778
681082,Bryson Stott,PHI,430,67.40377153488377,7.031925837209302,0.0046511627906976,0.3232558139534883,0.0744186046511627,0.1325581395348837,309,264,0.246212121,0.363636363,0.01893939393939394,0.116504854,0.152103559,100.462504882783,86.39546804298642,0.03587444,0.29147982
621028,Kevin Newman,ARI,267,67.16987602996254,6.678457265917603,0.0187265917602996,0.3408239700374532,0.0636704119850187,0.1310861423220973,184,173,0.277456647,0.38150289,0.011560693641618497,0.04347826,0.135869565,94.34427568881732,85.77994573196308,0.01986755,0.24503311
453568,Charlie Blackmon,COL,368,66.88351964673912,7.120191793478261,0.0217391304347826,0.2364130434782608,0.0434782608695652,0.1766304347826087,260,236,0.258474576,0.406779661,0.01694915254237288,0.076923076,0.142307692,92.16855768863908,84.54223134566327,0.06030151,0.27638191
686217,Sal Frelick,MIL,352,66.81470829545455,6.963062642045455,0.0198863636363636,0.3295454545454545,0.0539772727272727,0.1335227272727272,289,258,0.271317829,0.341085271,0.007751937984496124,0.089965397,0.176470588,100.11992764610834,84.66395561256219,0.01435407,0.20095694
669289,Santiago Espinal,CIN,276,66.76875126811595,7.360786449275362,0.0434782608695652,0.3188405797101449,0.0688405797101449,0.108695652173913,191,171,0.192982456,0.280701754,0.023391812865497075,0.062827225,0.115183246,41.89212120610124,85.36007072099673,0.01273885,0.23566879
668942,Josh Rojas,SEA,396,66.7323669191919,7.259394722222223,0.0075757575757575,0.3207070707070707,0.0858585858585858,0.1843434343434343,260,235,0.259574468,0.382978723,0.01702127659574468,0.084615384,0.192307692,107.4961344061622,89.37649668817934,0.05882353,0.37967914
668930,Brice Turang,MIL,450,66.43370784444441,6.042605444444445,0.0422222222222222,0.3266666666666666,0.0644444444444444,0.1266666666666666,331,296,0.287162162,0.412162162,0.02027027027027027,0.087613293,0.172205438,117.85086255320093,88.38150206997864,0.03278689,0.32377049
527038,Wilmer Flores,SFG,301,65.96030558139535,6.903860664451827,0.0166112956810631,0.3023255813953488,0.0697674418604651,0.1362126245847176,227,199,0.20603015,0.316582914,0.020100502512562814,0.088105726,0.13215859,74.06943752719988,83.82968862897398,0.05747126,0.2816092
660688,Keibert Ruiz,WSN,324,65.64670685185183,7.024234598765432,0.0092592592592592,0.3395061728395062,0.0617283950617283,0.1141975308641975,231,216,0.212962962,0.300925925,0.018518518518518517,0.034632034,0.125541125,55.36730148734909,85.42421361019737,0.02105263,0.24210526
694384,Nolan Schanuel,LAA,389,65.50227041131102,6.705053778920309,0.0282776349614395,0.3290488431876606,0.0462724935732647,0.1388174807197943,316,276,0.239130434,0.355072463,0.028985507246376812,0.085443037,0.174050632,89.32587386931935,86.0328369140625,0.03478261,0.27391304
457759,Justin Turner,TOR,440,65.33647593181819,6.369269863636364,0.0068181818181818,0.2704545454545454,0.0431818181818181,0.1272727272727272,285,241,0.248962655,0.373443983,0.02074688796680498,0.129824561,0.161403508,115.22592171701656,86.94455516581633,0.03553299,0.31979695
680757,Steven Kwan,CLE,296,64.49316594594598,6.4213811148648645,0.0,0.4054054054054054,0.0439189189189189,0.0472972972972973,256,232,0.362068965,0.525862068,0.03017241379310345,0.078125,0.078125,172.30451229050675,86.28126887077295,0.01877934,0.22065728
670032,Nicky Lopez,CHW,354,63.97547192090398,6.6391003954802255,0.0084745762711864,0.3502824858757062,0.0225988700564971,0.1751412429378531,255,232,0.245689655,0.280172413,0.0,0.058823529,0.156862745,66.77828385539543,85.75866124018324,0.01010101,0.18181818
650333,Luis Arraez,- - -,488,62.93349084016387,5.9413525614754095,0.0,0.4487704918032787,0.0635245901639344,0.0737704918032786,378,356,0.311797752,0.38483146,0.0056179775280898875,0.039682539,0.055555555,112.18467892226006,86.57701725746269,0.01780415,0.23145401
